event_id,user_id,game_id,event_time
1,33,,2023-01-23 02:48:44
2,275,12,2023-05-24 05:41:28
3,289,14,2023-05-08 21:49:29
4,167,2,2023-03-28 15:00:13
5,379,4,2024-01-30 15:58:36
6,113,1,2023-10-20 13:48:12
7,305,9,2024-01-22 15:04:42
8,494,5,2023-08-17 16:12:54
9,405,,2024-02-17 21:32:38
10,241,10,2024-06-22 14:50:01
11,499,14,2024-06-21 11:56:47
12,98,17,2024-03-01 04:25:16
13,13,11,2023-11-26 06:41:02
14,81,12,2023-03-18 09:23:14
15,478,4,2024-05-30 17:51:05
16,308,20,2024-05-14 20:40:33
17,65,17,2024-01-01 16:56:20
18,436,6,2024-05-15 10:18:16
19,74,1,2024-03-25 09:29:13
20,312,9,2024-06-24 12:13:58
21,93,8,2023-06-03 11:54:06
22,144,4,2023-12-20 01:00:49
23,198,16,2023-06-30 03:20:54
24,410,12,2023-05-30 09:10:05
25,182,20,2023-03-13 23:52:58
26,258,8,2023-12-11 14:56:27
27,359,16,2023-10-26 16:19:45
28,229,16,2023-10-11 21:39:00
29,22,2,2023-09-10 15:49:47
30,129,3,2023-10-14 19:40:39
31,440,4,2023-04-23 22:28:04
32,489,10,2023-03-16 04:08:45
33,340,15,2023-07-26 20:04:40
34,364,,2024-05-13 08:23:11
35,447,3,2023-09-06 16:49:21
36,456,3,2024-05-27 16:15:53
37,360,,2023-06-12 06:58:52
38,290,8,2024-06-04 12:13:45
39,104,,2023-02-01 11:51:57
40,436,9,2023-12-26 14:04:01
41,107,2,2024-05-29 13:26:14
42,404,13,2023-02-12 16:23:36
43,146,6,2023-01-27 22:31:41
44,133,1,2023-06-10 17:33:17
45,351,7,2024-02-13 19:57:04
46,125,9,2024-02-24 22:47:10
47,417,13,2023-03-30 21:05:48
48,132,13,2023-02-19 04:15:23
49,366,18,2024-05-07 12:18:28
50,169,6,2024-01-14 06:45:26
51,458,10,2024-03-24 05:36:16
52,132,3,2024-05-05 14:42:44
53,431,17,2024-01-14 06:48:01
54,137,8,2024-01-26 03:32:19
55,136,15,2024-02-01 01:23:03
56,66,5,2023-05-29 19:34:13
57,466,5,2023-09-10 03:42:01
58,191,10,2023-07-22 05:58:55
59,418,10,2023-08-21 06:52:25
60,437,1,2024-01-13 03:26:20
61,292,12,2023-04-13 16:10:41
62,363,14,2023-11-25 07:24:22
63,298,9,2023-08-09 04:12:29
64,206,19,2023-01-03 07:04:40
65,10,5,2023-03-01 01:04:48
66,160,12,2024-03-29 03:02:21
67,34,16,2023-11-11 04:06:08
68,97,12,2023-09-18 15:27:55
69,125,5,2023-11-02 03:56:20
70,257,12,2023-09-04 04:45:21
71,379,19,2023-11-28 04:05:23
72,384,,2023-10-08 07:54:20
73,387,7,2024-03-22 21:48:46
74,28,14,2024-03-14 12:31:29
75,185,5,2024-01-25 20:06:37
76,161,11,2023-03-19 13:19:40
77,54,11,2023-12-22 17:05:18
78,34,9,2023-05-28 05:09:17
79,308,14,2023-07-21 15:37:22
80,56,10,2023-02-15 01:25:07
81,42,7,2023-12-31 03:38:14
82,171,8,2023-11-23 09:03:55
83,382,12,2023-08-26 16:37:19
84,205,4,2024-01-28 01:37:20
85,144,13,2023-07-24 11:07:44
86,316,12,2023-06-05 22:43:31
87,392,14,2023-09-27 04:12:53
88,85,5,2023-01-07 16:05:02
89,114,16,2023-05-26 04:49:54
90,499,14,2023-03-21 15:38:21
91,36,14,2023-12-23 14:53:08
92,40,4,2023-11-12 10:19:04
93,170,15,2024-06-25 11:23:39
94,153,14,2023-08-20 07:30:24
95,348,17,2023-01-26 01:30:30
96,11,20,2023-11-03 17:48:37
97,214,11,2023-06-24 15:32:45
98,80,13,2024-04-14 14:27:43
99,86,17,2024-06-12 17:52:12
100,336,14,2023-06-10 13:53:17
101,110,19,2024-02-01 19:26:02
102,218,12,2023-05-11 14:26:04
103,254,14,2024-02-26 19:49:51
104,254,16,2024-04-06 11:52:35
105,227,9,2023-10-21 19:18:33
106,259,12,2023-01-02 00:26:56
107,217,17,2024-06-14 13:25:10
108,466,2,2023-11-17 16:25:06
109,425,2,2024-03-18 01:11:59
110,386,18,2023-02-19 21:26:06
111,81,,2023-08-21 00:43:36
112,447,7,2023-07-28 01:00:46
113,182,14,2023-05-28 21:27:20
114,444,10,2023-08-15 14:51:23
115,343,5,2023-11-23 08:01:56
116,26,14,2024-04-28 15:12:13
117,222,18,2023-11-21 00:21:24
118,389,18,2024-01-09 17:49:55
119,356,3,2024-01-01 10:55:53
120,334,10,2024-01-16 22:09:41
121,51,12,2023-09-07 09:48:12
122,198,3,2024-02-02 11:43:34
123,65,17,2024-01-04 14:28:00
124,227,12,2023-03-19 03:50:15
125,361,4,2023-05-26 02:14:04
126,10,19,2023-09-25 09:57:22
127,432,4,2023-04-16 17:31:07
128,434,14,2024-02-21 12:17:15
129,60,17,2023-11-02 13:44:13
130,253,18,2024-01-10 16:33:36
131,350,13,2023-01-15 02:48:38
132,240,14,2023-05-15 03:54:06
133,321,2,2023-10-17 09:42:44
134,286,10,2024-06-13 12:23:56
135,168,11,2023-04-20 08:02:37
136,387,8,2024-04-18 21:16:14
137,403,6,2024-05-30 15:36:46
138,484,16,2023-11-02 11:10:15
139,129,9,2024-02-08 06:51:22
140,439,10,2023-04-07 16:31:19
141,409,2,2023-05-24 22:23:34
142,432,18,2023-10-18 07:36:13
143,129,7,2024-02-18 09:43:31
144,169,14,2024-05-15 08:30:20
145,148,14,2024-03-17 08:41:17
146,459,,2024-01-16 01:38:44
147,133,15,2024-04-30 12:56:47
148,38,4,2023-05-24 09:02:25
149,314,2,2023-06-29 18:49:06
150,467,18,2023-04-20 23:24:58
151,215,6,2023-04-26 22:45:05
152,153,1,2024-05-16 15:12:02
153,1,,2024-02-13 22:40:09
154,153,12,2023-01-04 20:50:20
155,63,15,2023-02-02 10:39:36
156,262,5,2023-05-19 07:21:07
157,451,20,2023-03-01 19:12:01
158,75,17,2024-05-16 14:19:41
159,487,20,2023-10-21 22:24:07
160,248,,2023-03-25 04:22:18
161,11,20,2023-06-23 23:30:54
162,39,2,2024-05-12 17:25:56
163,127,14,2023-09-26 23:00:53
164,171,18,2024-03-18 19:25:19
165,166,12,2023-10-25 13:54:41
166,242,14,2024-05-24 19:57:16
167,288,6,2023-10-27 22:18:04
168,474,8,2024-04-06 21:37:21
169,351,6,2023-11-04 01:46:02
170,158,1,2023-12-20 02:39:25
171,292,5,2023-09-27 12:32:36
172,337,8,2024-02-28 19:43:35
173,290,5,2024-05-13 19:15:22
174,72,11,2024-02-14 05:14:22
175,181,3,2024-06-29 22:19:21
176,268,7,2024-06-19 20:26:53
177,292,16,2023-11-28 02:52:49
178,399,3,2023-10-23 00:53:42
179,138,17,2023-05-08 18:01:25
180,112,9,2024-02-06 12:27:21
181,412,13,2023-12-30 03:50:17
182,57,6,2023-01-11 13:31:26
183,264,3,2023-09-02 01:58:55
184,89,7,2023-03-25 03:04:48
185,186,4,2023-07-20 17:16:26
186,164,9,2023-05-12 13:28:45
187,285,15,2023-09-20 03:50:26
188,498,17,2023-08-04 06:05:56
189,168,20,2023-07-10 05:14:17
190,403,15,2023-04-15 16:06:09
191,68,8,2024-02-14 01:44:01
192,61,6,2023-09-27 03:40:16
193,294,,2023-01-16 03:19:28
194,74,3,2023-06-11 20:50:57
195,312,15,2023-01-16 11:30:26
196,472,8,2023-01-02 18:23:09
197,375,2,2024-04-10 00:05:42
198,152,19,2023-10-18 05:04:13
199,39,14,2023-11-17 14:06:05
200,290,10,2024-03-04 21:09:23
201,75,13,2023-11-29 18:21:45
202,42,13,2024-01-12 18:26:17
203,344,2,2023-03-24 06:39:07
204,373,16,2023-02-24 18:36:08
205,185,11,2023-06-06 20:59:32
206,312,10,2023-03-17 05:59:37
207,411,17,2023-07-01 17:49:02
208,108,20,2023-11-15 23:35:31
209,299,5,2023-01-12 16:19:38
210,345,15,2024-06-05 13:26:30
211,244,3,2023-12-01 21:21:18
212,427,17,2023-04-26 04:21:56
213,169,16,2023-07-31 21:28:18
214,427,9,2024-06-04 23:46:37
215,422,17,2024-05-16 17:10:01
216,184,4,2023-12-23 13:22:32
217,149,10,2023-03-18 05:47:25
218,305,5,2024-04-21 05:07:32
219,82,12,2023-11-22 10:38:46
220,154,17,2023-08-25 18:11:41
221,41,3,2024-01-13 20:36:38
222,142,6,2023-05-16 09:57:54
223,165,17,2023-01-12 11:35:43
224,367,13,2024-06-07 06:20:45
225,233,18,2023-04-20 12:19:48
226,216,9,2024-05-27 19:05:52
227,275,15,2024-01-07 19:52:32
228,9,1,2023-08-05 02:45:42
229,15,8,2023-03-20 09:46:11
230,177,18,2023-04-10 20:26:16
231,99,13,2024-02-16 12:10:21
232,339,15,2024-04-24 05:20:16
233,497,10,2023-02-10 03:24:11
234,386,2,2023-05-26 09:36:11
235,459,,2024-02-05 16:51:15
236,374,20,2023-04-01 01:16:25
237,57,19,2023-07-06 12:24:50
238,147,2,2023-09-19 22:37:14
239,77,2,2023-05-15 04:36:11
240,279,16,2023-10-24 17:33:20
241,462,13,2023-04-03 06:38:08
242,391,12,2024-01-20 18:37:54
243,293,2,2023-10-19 09:25:44
244,2,3,2024-02-02 20:40:23
245,127,11,2023-05-11 01:19:39
246,280,10,2023-06-26 05:57:33
247,455,15,2023-12-12 13:27:31
248,224,1,2023-04-20 01:56:42
249,475,,2023-01-20 04:37:19
250,365,15,2023-05-19 07:24:14
251,125,20,2023-05-11 03:18:41
252,421,10,2023-05-21 08:46:06
253,177,2,2023-03-10 19:47:23
254,412,17,2024-03-13 23:58:01
255,116,14,2024-04-28 10:41:53
256,102,11,2023-02-06 03:54:37
257,174,3,2023-02-23 01:39:15
258,100,18,2023-09-22 01:31:32
259,388,15,2024-05-31 16:45:01
260,300,20,2023-04-28 16:28:03
261,253,14,2023-10-21 03:30:53
262,251,3,2023-09-26 07:42:40
263,119,8,2024-04-24 05:08:43
264,491,9,2023-01-22 15:39:49
265,390,6,2023-07-24 17:13:59
266,364,3,2024-05-10 19:57:00
267,228,3,2023-06-25 10:35:31
268,253,20,2023-03-04 00:58:36
269,58,11,2023-11-24 20:32:10
270,147,8,2023-04-03 02:14:15
271,3,12,2023-11-30 15:14:18
272,236,8,2024-01-18 20:43:11
273,173,1,2024-06-24 12:43:27
274,151,,2023-01-24 18:55:00
275,477,14,2023-07-04 06:12:13
276,114,20,2023-11-03 14:43:44
277,173,3,2023-06-03 22:18:41
278,495,17,2024-03-29 07:12:36
279,55,20,2023-05-12 10:07:01
280,46,1,2023-01-05 07:16:08
281,353,4,2024-03-04 10:18:59
282,499,16,2023-08-05 21:08:13
283,292,5,2023-12-17 04:29:02
284,327,14,2024-05-05 16:14:14
285,17,3,2023-12-29 01:03:50
286,306,10,2023-09-23 20:34:56
287,478,20,2023-03-29 18:19:58
288,262,13,2024-03-26 17:32:29
289,491,,2023-10-05 19:54:37
290,234,,2024-06-05 10:18:29
291,38,2,2023-12-10 08:03:25
292,132,17,2023-01-27 12:32:37
293,291,3,2023-03-18 20:15:23
294,256,4,2023-08-20 09:01:11
295,60,,2023-06-19 21:11:13
296,130,14,2024-01-27 05:30:08
297,101,16,2023-03-12 22:54:08
298,235,5,2023-09-08 00:35:50
299,66,16,2024-04-25 08:37:18
300,201,16,2024-04-27 15:09:28
301,33,7,2024-03-29 03:49:45
302,161,6,2023-09-20 02:23:11
303,223,7,2023-06-20 16:37:02
304,139,5,2023-09-12 20:38:06
305,278,11,2024-01-25 01:36:44
306,187,15,2023-03-22 18:27:30
307,201,1,2023-09-25 00:08:27
308,198,14,2023-07-05 06:17:24
309,373,19,2023-09-17 21:34:26
310,482,9,2023-04-09 14:11:48
311,169,8,2023-04-23 10:47:57
312,178,14,2023-03-29 13:03:13
313,112,9,2024-04-17 10:07:58
314,56,15,2023-06-12 14:18:56
315,122,19,2024-06-24 10:01:32
316,147,13,2024-03-05 07:36:21
317,203,9,2023-06-28 17:49:28
318,137,4,2023-04-03 02:41:48
319,483,16,2023-06-05 02:07:20
320,112,16,2023-10-27 15:16:29
321,488,17,2024-03-06 04:09:33
322,23,15,2023-11-11 22:46:37
323,181,12,2023-04-01 12:21:16
324,353,1,2023-02-26 06:46:32
325,297,19,2024-01-13 04:45:21
326,102,12,2023-02-24 13:42:44
327,255,6,2023-06-25 06:33:40
328,56,9,2023-01-18 21:24:08
329,64,,2024-02-24 13:41:33
330,5,5,2023-06-18 04:01:44
331,249,20,2023-05-19 22:51:02
332,179,4,2023-11-16 09:42:02
333,243,6,2024-02-07 18:11:31
334,462,3,2023-06-22 06:58:31
335,489,2,2023-03-15 19:23:39
336,101,11,2024-03-25 17:32:30
337,187,19,2023-03-28 15:08:32
338,136,17,2023-06-28 03:46:07
339,320,18,2024-01-23 18:20:42
340,309,,2024-06-04 00:16:31
341,319,18,2024-01-22 11:37:49
342,436,9,2024-05-01 04:51:46
343,9,15,2023-07-22 15:31:17
344,326,3,2023-06-11 18:04:00
345,295,5,2023-07-01 18:52:14
346,67,3,2023-07-22 17:38:33
347,312,3,2023-11-01 15:43:35
348,256,9,2024-01-25 14:42:36
349,125,18,2023-09-30 21:09:42
350,229,13,2023-09-15 09:24:09
351,456,4,2023-10-09 20:17:32
352,414,4,2023-10-22 13:08:32
353,257,19,2023-05-24 17:10:17
354,279,9,2023-07-18 22:30:53
355,307,2,2024-01-22 07:12:29
356,165,13,2023-03-01 14:55:16
357,401,6,2023-11-26 18:07:10
358,307,8,2024-01-11 08:45:14
359,7,20,2023-06-05 21:26:25
360,384,17,2024-04-30 20:58:50
361,154,8,2024-02-11 20:20:28
362,203,12,2023-04-07 11:34:10
363,194,15,2023-02-28 16:46:42
364,20,3,2024-01-11 18:58:43
365,199,3,2023-07-12 04:20:55
366,221,7,2023-03-18 03:59:28
367,297,15,2024-02-19 14:20:29
368,32,10,2024-05-19 17:58:21
369,491,8,2023-03-18 08:21:34
370,482,10,2024-01-31 12:21:24
371,81,4,2023-12-01 19:26:39
372,334,1,2023-08-22 01:29:35
373,477,17,2024-05-05 02:52:07
374,255,9,2024-04-19 14:50:18
375,86,,2024-04-29 17:16:39
376,90,2,2024-01-25 08:57:11
377,445,15,2023-08-05 14:20:56
378,104,6,2023-07-23 19:02:57
379,369,16,2024-02-03 10:25:52
380,209,9,2023-07-31 15:29:28
381,494,5,2023-06-15 21:48:04
382,74,9,2024-01-31 14:00:31
383,120,5,2024-03-03 03:22:42
384,15,4,2024-03-11 09:45:06
385,476,20,2024-01-28 06:09:35
386,437,9,2024-04-12 04:33:05
387,217,3,2023-08-10 01:58:30
388,120,6,2023-12-11 04:41:24
389,184,18,2023-09-18 15:15:04
390,460,20,2024-03-18 21:45:13
391,340,1,2023-10-09 09:00:03
392,453,2,2024-03-07 21:41:10
393,156,20,2023-11-14 08:18:59
394,430,1,2024-02-03 06:43:31
395,54,15,2024-06-17 03:05:40
396,29,,2023-08-30 23:27:54
397,461,20,2023-11-01 04:32:25
398,78,1,2023-01-20 14:26:49
399,453,19,2023-08-29 02:33:21
400,101,6,2024-01-18 00:25:12
401,322,4,2023-12-07 17:44:11
402,7,7,2023-01-02 07:44:10
403,2,7,2023-02-23 22:45:50
404,285,20,2023-01-01 01:35:03
405,130,16,2023-11-23 15:46:03
406,343,1,2023-04-11 10:07:54
407,68,18,2023-02-14 09:40:33
408,271,,2023-03-15 10:57:38
409,136,18,2024-02-24 00:54:22
410,328,7,2023-12-16 06:41:02
411,183,19,2024-01-27 13:52:50
412,425,19,2023-06-14 23:42:45
413,181,20,2023-07-15 04:21:42
414,101,9,2023-10-02 05:30:54
415,222,19,2024-06-06 17:57:47
416,11,5,2023-09-17 21:06:17
417,165,14,2023-07-22 14:25:12
418,89,18,2023-03-11 15:19:46
419,155,9,2024-05-30 23:23:15
420,242,4,2024-03-31 00:51:36
421,237,11,2023-12-05 08:49:07
422,446,13,2024-01-10 09:01:00
423,206,3,2024-04-30 22:44:57
424,469,19,2023-04-24 05:48:14
425,85,19,2023-03-10 12:02:53
426,407,7,2023-09-02 22:53:01
427,425,5,2023-12-02 12:36:36
428,465,3,2023-09-07 18:39:29
429,362,,2023-04-05 18:30:20
430,17,20,2023-10-17 19:35:47
431,130,14,2023-05-24 06:27:07
432,142,,2023-11-30 23:30:20
433,31,20,2023-07-17 13:57:30
434,400,17,2023-06-15 17:09:55
435,286,14,2023-11-27 22:03:17
436,477,16,2023-09-17 13:07:02
437,356,7,2023-02-19 14:38:52
438,191,,2024-04-22 09:26:06
439,264,13,2023-08-10 11:50:43
440,400,,2023-01-25 13:10:22
441,438,17,2024-02-07 05:49:07
442,212,13,2023-08-13 12:25:31
443,409,,2023-04-13 10:16:41
444,498,17,2023-03-26 03:15:06
445,485,,2024-05-08 19:02:52
446,413,10,2023-11-14 06:07:39
447,261,9,2023-07-23 04:05:43
448,249,14,2023-11-19 01:51:22
449,105,17,2023-12-09 07:22:00
450,286,10,2023-09-16 18:07:33
451,218,14,2023-07-31 18:07:25
452,41,18,2023-11-15 00:08:24
453,40,10,2024-05-02 23:10:03
454,65,15,2023-07-20 16:03:42
455,164,18,2023-12-30 23:55:41
456,124,14,2023-07-25 18:27:15
457,406,18,2024-02-21 03:51:49
458,469,4,2023-05-22 04:38:40
459,284,8,2023-02-01 16:25:41
460,172,17,2023-08-26 16:59:31
461,156,17,2024-04-03 08:55:04
462,190,2,2023-12-13 22:54:54
463,427,2,2023-07-11 15:21:15
464,97,15,2023-08-08 23:31:24
465,317,9,2023-08-14 05:05:04
466,48,8,2024-05-07 21:35:08
467,473,7,2024-06-06 13:28:07
468,186,20,2023-10-04 01:55:16
469,432,20,2023-11-13 22:58:31
470,442,18,2023-05-14 09:07:22
471,220,2,2023-05-11 12:16:03
472,296,7,2023-02-01 13:05:45
473,170,10,2023-07-07 17:28:19
474,35,12,2023-07-20 13:39:50
475,251,20,2024-02-04 09:19:05
476,434,18,2024-03-12 07:14:58
477,347,11,2023-04-28 08:10:29
478,10,2,2024-04-24 06:22:09
479,214,3,2023-11-11 01:09:47
480,383,15,2023-10-09 04:53:55
481,431,19,2023-12-21 16:01:13
482,437,1,2023-03-15 04:31:44
483,197,4,2023-06-01 12:38:40
484,192,13,2023-11-30 03:48:52
485,203,2,2024-05-30 17:15:15
486,46,1,2024-03-02 03:51:16
487,405,20,2024-03-25 13:13:35
488,103,20,2023-09-30 07:36:53
489,144,8,2023-08-09 09:43:48
490,282,1,2023-09-24 10:42:04
491,179,2,2024-06-22 01:56:58
492,291,13,2024-03-10 19:52:35
493,296,8,2023-09-29 22:53:47
494,419,6,2023-08-06 11:14:31
495,153,2,2024-02-25 00:57:34
496,410,1,2023-01-30 02:37:56
497,53,14,2023-07-18 08:28:28
498,116,6,2024-02-18 10:38:24
499,169,11,2023-03-01 09:36:22
500,320,3,2023-10-12 03:55:37
501,276,7,2023-08-01 22:05:29
502,433,5,2024-05-12 21:16:51
503,73,16,2023-12-23 14:57:33
504,246,5,2023-01-24 08:53:01
505,417,14,2023-12-10 13:10:58
506,264,4,2023-06-12 10:16:22
507,22,11,2023-08-26 12:44:48
508,86,1,2023-05-14 09:02:57
509,361,4,2023-08-19 23:15:39
510,270,18,2024-01-14 00:07:41
511,132,11,2024-04-08 10:36:42
512,12,17,2024-02-17 01:10:02
513,216,20,2023-11-28 09:44:43
514,39,18,2023-07-17 03:47:59
515,184,6,2023-06-15 11:47:56
516,290,11,2023-02-28 17:14:50
517,290,20,2023-12-13 20:11:19
518,455,12,2024-02-25 03:52:43
519,76,9,2023-06-22 19:29:00
520,44,18,2023-12-06 02:40:19
521,189,1,2024-05-01 23:44:45
522,357,6,2023-11-08 10:59:19
523,424,14,2024-05-07 06:45:55
524,54,8,2023-09-19 02:56:00
525,356,6,2023-07-04 02:05:11
526,10,16,2023-12-03 13:02:38
527,415,5,2023-04-29 17:49:51
528,75,15,2023-08-04 14:05:31
529,155,7,2023-08-19 02:23:57
530,480,15,2024-05-03 00:15:18
531,165,4,2023-11-19 03:12:47
532,134,3,2023-09-05 08:48:50
533,458,20,2023-04-28 14:50:46
534,151,12,2023-12-22 00:05:49
535,21,10,2023-10-14 12:28:10
536,94,20,2023-07-11 08:14:16
537,264,4,2023-03-07 05:07:33
538,388,13,2023-10-18 08:18:04
539,292,,2023-12-05 22:35:36
540,382,3,2023-03-25 09:14:28
541,145,15,2024-01-17 11:50:11
542,259,18,2023-07-15 22:52:19
543,159,14,2023-06-16 20:53:03
544,216,13,2023-12-23 03:30:07
545,133,14,2023-08-28 21:13:33
546,499,2,2023-07-21 15:38:06
547,422,12,2023-09-30 00:42:45
548,119,17,2024-05-25 17:39:01
549,321,13,2023-06-23 15:46:35
550,357,12,2024-03-05 10:59:18
551,499,12,2024-03-12 20:47:44
552,338,17,2023-06-02 08:12:31
553,410,12,2023-09-11 06:54:48
554,73,13,2023-03-21 05:15:39
555,275,1,2023-03-01 04:37:16
556,79,8,2023-07-04 21:29:41
557,468,3,2023-01-30 12:45:22
558,418,4,2024-02-28 07:18:55
559,145,1,2024-04-27 15:02:25
560,15,,2023-04-28 23:44:40
561,4,3,2024-06-04 00:31:13
562,22,17,2024-02-23 06:27:04
563,398,20,2024-05-09 11:04:27
564,81,2,2024-05-03 00:58:14
565,79,4,2024-03-08 00:48:23
566,364,10,2023-03-24 12:55:32
567,384,1,2023-10-10 17:05:38
568,154,16,2023-09-25 13:11:49
569,382,6,2024-06-13 15:44:10
570,435,9,2023-05-26 23:04:37
571,313,2,2023-02-10 11:59:56
572,452,8,2023-01-31 18:19:05
573,458,5,2023-08-09 06:05:10
574,426,1,2024-01-24 22:07:33
575,114,14,2024-03-06 02:55:54
576,449,14,2023-09-16 18:33:43
577,314,15,2024-01-21 23:47:50
578,168,13,2023-11-11 19:10:31
579,271,13,2024-01-12 04:45:54
580,388,10,2024-03-27 13:50:42
581,137,20,2023-04-28 21:17:10
582,391,10,2024-04-15 15:36:04
583,57,17,2023-10-26 17:01:50
584,271,15,2024-06-12 16:37:52
585,396,11,2023-05-06 13:28:01
586,494,12,2024-03-02 09:22:01
587,489,1,2023-02-23 20:15:29
588,398,3,2023-07-07 11:13:05
589,61,10,2024-03-25 07:59:26
590,284,5,2024-04-19 15:52:23
591,388,,2024-05-10 05:42:22
592,210,11,2023-06-19 20:07:15
593,476,1,2024-06-11 08:55:56
594,337,18,2023-06-18 06:24:01
595,413,,2024-05-03 19:45:06
596,147,17,2023-11-30 02:21:42
597,217,14,2023-05-14 03:40:55
598,274,18,2023-12-09 17:20:20
599,345,3,2023-03-15 12:25:10
600,344,6,2023-02-13 12:20:07
601,180,20,2023-02-23 13:51:03
602,441,11,2023-12-18 01:55:46
603,412,8,2024-05-18 00:34:19
604,296,,2024-05-17 07:20:16
605,114,8,2023-02-07 02:24:51
606,332,17,2023-04-06 21:56:38
607,424,9,2024-03-10 00:09:43
608,315,8,2024-05-12 06:52:51
609,386,5,2023-01-01 23:34:00
610,221,3,2023-11-19 05:36:08
611,294,10,2023-04-09 16:04:49
612,435,16,2024-05-12 10:28:28
613,5,18,2023-02-01 07:40:39
614,415,6,2024-01-18 11:20:29
615,122,14,2023-07-03 08:40:40
616,398,4,2023-12-13 01:29:00
617,379,4,2023-04-18 01:49:37
618,478,5,2023-08-28 13:45:25
619,292,13,2024-01-28 20:18:54
620,342,8,2023-03-07 06:04:58
621,29,5,2023-04-27 03:10:20
622,427,11,2023-02-25 07:56:46
623,155,1,2023-07-20 12:35:56
624,430,10,2024-06-12 09:26:47
625,354,18,2023-09-14 17:20:29
626,132,13,2023-10-11 17:22:14
627,417,17,2023-08-04 08:15:10
628,242,7,2023-12-31 06:44:14
629,108,17,2023-03-12 14:20:24
630,400,,2023-06-09 23:36:57
631,308,16,2023-02-20 14:28:59
632,194,7,2023-06-04 10:23:24
633,115,9,2024-05-29 15:35:20
634,453,3,2023-02-09 13:23:07
635,350,14,2023-07-07 01:29:09
636,259,8,2024-03-10 05:35:46
637,487,,2023-10-25 07:06:54
638,334,3,2023-06-17 09:57:19
639,156,15,2023-05-24 15:12:07
640,387,11,2023-12-25 10:12:31
641,439,11,2024-03-24 22:55:22
642,93,17,2024-04-04 06:24:00
643,106,3,2023-04-08 11:40:46
644,173,14,2023-08-09 06:56:59
645,390,12,2024-02-11 20:46:17
646,413,12,2023-11-03 15:46:18
647,130,15,2023-07-08 23:49:48
648,319,,2023-07-13 09:02:56
649,35,19,2023-10-04 08:39:43
650,437,12,2024-06-28 20:59:41
651,71,4,2023-01-01 10:11:20
652,478,13,2024-02-09 00:41:42
653,478,8,2023-11-23 00:52:17
654,206,4,2023-10-30 05:04:53
655,484,14,2023-08-02 10:55:30
656,191,19,2023-04-28 12:15:21
657,381,7,2023-06-20 14:46:15
658,456,20,2024-01-09 00:09:17
659,204,4,2024-01-29 15:42:03
660,64,16,2023-08-19 21:30:51
661,475,18,2023-06-12 14:32:50
662,432,15,2023-11-29 06:26:59
663,464,13,2024-02-29 10:42:10
664,483,6,2024-06-30 23:46:10
665,465,16,2023-12-28 20:43:39
666,39,19,2024-01-17 00:19:36
667,415,15,2024-02-11 10:56:44
668,408,15,2023-08-14 20:11:27
669,377,3,2024-05-19 02:57:22
670,61,14,2023-05-22 01:00:28
671,82,13,2024-04-26 07:46:08
672,380,9,2023-05-02 04:12:59
673,88,12,2023-02-06 11:06:43
674,286,,2024-06-27 21:51:00
675,417,2,2024-06-30 03:38:56
676,294,16,2023-10-08 21:03:34
677,278,11,2024-04-23 02:53:10
678,248,16,2024-01-10 14:15:28
679,130,12,2024-04-23 14:36:08
680,237,2,2023-04-14 21:06:21
681,15,13,2024-01-07 18:45:27
682,35,10,2024-02-03 00:09:25
683,282,13,2023-09-26 10:13:08
684,407,6,2024-03-09 21:20:08
685,113,5,2023-09-08 08:51:21
686,87,13,2023-06-15 02:51:02
687,378,,2023-04-17 22:28:22
688,54,6,2023-08-18 16:40:01
689,35,10,2023-10-11 22:26:53
690,169,17,2024-06-29 03:06:05
691,367,5,2024-02-28 11:43:08
692,432,14,2024-04-07 16:26:00
693,420,6,2024-01-22 17:28:21
694,136,4,2024-02-20 23:41:52
695,371,16,2023-01-28 14:08:34
696,420,20,2023-07-21 01:37:19
697,288,1,2023-06-30 08:15:50
698,209,12,2023-05-06 00:09:26
699,97,17,2023-06-17 11:52:02
700,383,18,2023-12-02 01:18:08
701,25,,2024-05-25 12:50:13
702,108,15,2024-01-22 02:31:35
703,160,11,2023-09-15 17:12:51
704,349,2,2023-11-07 06:50:50
705,102,10,2023-01-02 10:15:34
706,166,1,2024-04-30 16:28:23
707,404,13,2024-01-16 09:39:21
708,134,12,2024-01-07 23:17:18
709,340,6,2024-05-09 11:02:43
710,322,8,2023-06-24 04:42:28
711,329,6,2023-03-29 08:58:04
712,384,,2023-09-06 18:52:53
713,479,4,2023-03-13 12:19:26
714,305,2,2023-11-13 11:08:30
715,51,1,2023-10-15 14:52:30
716,387,12,2024-02-16 10:01:44
717,239,2,2024-03-28 12:25:42
718,91,10,2023-03-31 15:28:12
719,34,10,2023-06-30 11:58:38
720,414,20,2023-11-09 08:35:41
721,475,4,2023-02-02 03:13:17
722,467,6,2023-05-20 06:07:20
723,485,18,2024-04-13 02:34:30
724,466,19,2024-03-05 15:14:49
725,454,3,2023-12-10 02:10:15
726,314,11,2023-08-19 21:27:00
727,93,,2023-03-28 17:55:57
728,300,,2023-07-13 00:44:51
729,381,8,2024-05-24 10:23:19
730,122,1,2024-04-10 01:14:56
731,430,18,2023-05-18 00:49:48
732,422,19,2023-07-12 01:27:54
733,15,1,2024-01-22 00:58:16
734,364,11,2023-07-15 09:53:50
735,235,18,2023-09-11 20:18:27
736,308,,2023-05-13 14:00:26
737,76,2,2023-04-12 10:34:53
738,214,18,2023-08-24 03:37:09
739,237,10,2023-07-19 12:25:37
740,496,4,2023-08-06 12:29:36
741,106,1,2023-09-15 10:19:06
742,66,3,2023-03-16 14:56:53
743,42,7,2023-12-17 10:23:37
744,487,11,2023-10-25 21:20:07
745,9,2,2023-10-02 12:23:22
746,388,1,2023-12-29 18:20:38
747,442,2,2024-03-29 23:30:50
748,172,11,2023-08-09 05:13:25
749,250,7,2024-05-19 08:26:04
750,265,19,2023-10-12 18:03:04
751,315,1,2023-07-09 00:11:35
752,476,18,2023-02-28 13:48:18
753,3,1,2023-09-22 23:58:11
754,235,7,2023-05-06 17:19:39
755,298,3,2024-04-05 14:39:42
756,76,7,2023-02-09 15:04:37
757,72,,2023-06-10 09:02:17
758,80,,2023-04-14 11:52:47
759,464,6,2023-06-28 13:05:09
760,263,10,2023-10-01 04:22:34
761,69,1,2023-12-19 12:08:04
762,212,10,2023-01-08 11:15:38
763,409,,2023-06-16 16:32:53
764,432,1,2024-05-19 15:47:13
765,317,20,2023-10-17 15:35:20
766,314,9,2024-06-09 12:00:38
767,384,16,2024-04-11 08:32:07
768,264,17,2023-06-03 19:33:24
769,122,13,2024-01-24 15:47:06
770,287,3,2024-04-08 11:14:57
771,273,1,2023-06-02 18:58:58
772,99,16,2024-05-21 17:30:58
773,490,7,2024-05-05 07:36:36
774,12,8,2023-06-17 00:58:16
775,359,17,2023-08-31 07:54:48
776,79,15,2023-03-17 11:16:46
777,155,11,2023-04-16 14:25:03
778,120,2,2023-05-24 03:22:22
779,302,5,2023-11-20 22:19:28
780,201,20,2024-06-26 06:41:49
781,312,14,2024-04-11 20:25:28
782,467,9,2024-01-29 14:08:54
783,14,18,2023-01-08 23:40:48
784,56,8,2024-04-09 15:04:26
785,40,4,2024-05-19 19:48:38
786,393,20,2023-07-25 20:17:36
787,36,14,2023-04-16 17:34:02
788,392,8,2023-10-18 09:39:40
789,128,16,2024-01-14 12:12:00
790,85,3,2023-07-01 19:02:45
791,97,20,2023-09-08 04:13:10
792,342,14,2023-08-27 03:05:35
793,85,16,2024-04-04 21:05:41
794,254,10,2023-03-04 22:41:16
795,365,15,2023-12-01 21:10:05
796,236,18,2023-01-17 14:26:12
797,197,14,2024-03-24 04:05:56
798,327,13,2023-11-03 03:59:31
799,455,19,2023-05-16 08:56:54
800,268,1,2023-04-24 14:29:40
801,1,11,2023-01-06 14:58:52
802,287,12,2023-08-03 14:36:47
803,155,,2023-04-27 13:55:46
804,130,18,2023-10-27 23:25:09
805,154,14,2023-02-08 20:14:42
806,292,13,2023-11-09 13:05:49
807,166,20,2024-03-04 21:44:24
808,85,8,2023-09-27 15:04:48
809,300,10,2023-12-10 03:33:50
810,75,9,2023-10-13 18:51:00
811,25,2,2024-02-10 17:00:54
812,195,10,2023-09-19 18:00:10
813,232,13,2023-01-18 01:18:13
814,188,13,2023-07-27 09:09:30
815,317,11,2024-06-05 15:44:53
816,152,19,2023-12-11 17:23:28
817,77,13,2023-01-23 04:39:29
818,434,18,2024-01-24 13:43:19
819,273,1,2023-02-23 16:47:48
820,265,18,2023-04-20 02:43:33
821,347,15,2023-05-22 22:33:51
822,66,5,2024-02-24 12:14:18
823,22,20,2023-02-25 13:29:26
824,317,13,2023-07-29 07:57:48
825,486,8,2024-02-05 15:51:10
826,238,8,2023-09-20 00:48:38
827,104,11,2023-12-14 22:57:54
828,52,10,2023-12-21 22:00:26
829,456,5,2023-11-02 19:05:05
830,348,13,2023-06-27 10:16:33
831,113,1,2023-08-28 15:01:01
832,231,17,2023-01-10 03:36:15
833,82,1,2023-08-05 06:29:44
834,480,7,2024-03-13 06:04:40
835,332,11,2023-09-20 08:57:25
836,264,3,2023-01-29 17:05:00
837,379,9,2023-09-11 02:08:25
838,347,,2023-03-25 05:11:33
839,1,2,2023-11-05 16:23:25
840,307,13,2023-09-11 09:54:18
841,264,12,2023-05-22 21:27:51
842,451,10,2023-09-04 16:14:39
843,475,16,2023-03-25 07:26:34
844,484,11,2023-01-05 11:06:46
845,177,5,2023-10-03 11:27:23
846,467,2,2024-05-30 01:11:05
847,196,5,2023-09-22 20:54:14
848,478,14,2023-08-09 01:38:33
849,209,1,2023-06-15 05:32:21
850,204,8,2023-04-12 01:11:53
851,333,6,2024-04-06 21:59:58
852,70,4,2024-02-10 13:57:13
853,249,15,2024-02-11 15:42:20
854,409,,2023-06-04 12:02:05
855,213,2,2023-07-05 13:29:37
856,423,10,2023-05-13 10:13:03
857,96,15,2024-02-02 13:30:54
858,465,18,2024-03-12 15:27:23
859,317,,2023-05-22 09:06:24
860,418,7,2023-08-23 06:26:57
861,245,18,2024-04-08 21:05:10
862,400,11,2023-03-01 10:27:22
863,265,13,2023-05-18 01:43:20
864,439,14,2024-03-18 16:48:12
865,242,7,2023-02-26 19:58:03
866,253,3,2023-11-30 08:32:30
867,213,17,2023-11-04 20:47:27
868,250,16,2023-08-28 12:55:15
869,208,4,2023-12-26 04:39:42
870,51,9,2023-03-06 15:23:08
871,454,19,2023-08-14 02:06:01
872,57,,2023-05-09 21:31:12
873,430,11,2024-04-15 19:17:27
874,269,16,2024-03-31 07:16:20
875,466,3,2023-10-27 11:48:52
876,141,2,2023-11-09 10:47:51
877,145,13,2023-01-05 14:04:17
878,447,15,2023-12-28 15:08:03
879,384,14,2023-02-28 15:37:57
880,274,6,2023-02-12 02:20:07
881,23,19,2023-06-28 16:48:55
882,383,7,2023-08-16 17:31:50
883,210,15,2023-07-19 00:55:10
884,71,8,2024-04-04 14:49:27
885,11,9,2023-06-17 16:05:50
886,17,7,2024-04-08 05:02:46
887,394,,2024-05-20 22:42:01
888,111,11,2024-01-23 13:53:54
889,212,1,2023-06-05 07:19:33
890,402,7,2023-01-04 18:30:21
891,273,1,2024-02-19 05:14:10
892,258,2,2024-01-25 07:32:00
893,168,17,2023-07-04 16:16:27
894,142,3,2023-12-07 08:09:35
895,214,15,2023-01-19 23:57:42
896,412,8,2023-11-24 16:35:47
897,191,4,2023-04-04 21:37:31
898,296,15,2023-04-22 02:51:13
899,399,5,2023-03-14 12:58:04
900,363,8,2023-06-02 23:18:56
901,407,12,2024-01-08 00:27:46
902,113,10,2024-05-17 23:37:30
903,445,,2023-07-09 09:52:21
904,85,4,2024-06-18 04:45:43
905,72,16,2023-07-12 22:11:07
906,89,19,2023-03-16 23:36:33
907,423,8,2024-04-10 11:36:06
908,340,12,2024-05-30 19:42:15
909,48,15,2023-03-05 11:55:11
910,493,19,2024-06-05 03:16:19
911,395,4,2023-02-03 19:58:46
912,337,12,2023-03-11 00:47:20
913,371,6,2023-01-29 00:05:05
914,160,7,2023-04-08 14:23:15
915,105,4,2023-02-04 03:49:02
916,231,8,2024-06-27 01:32:39
917,345,2,2024-04-09 18:59:14
918,80,20,2023-10-18 13:30:37
919,193,10,2023-01-27 12:22:26
920,443,15,2024-04-23 22:54:11
921,488,18,2023-11-19 01:06:57
922,296,12,2023-01-02 15:34:04
923,319,12,2023-12-16 03:43:59
924,470,6,2023-05-03 19:25:22
925,31,5,2024-03-23 12:33:49
926,30,,2024-06-29 18:57:20
927,288,13,2023-05-12 03:46:28
928,401,14,2023-03-07 17:38:26
929,356,15,2023-11-13 17:05:24
930,246,11,2024-05-07 03:43:53
931,164,,2023-07-15 17:24:40
932,84,18,2023-03-25 16:27:46
933,405,18,2023-10-04 19:55:31
934,171,3,2023-03-17 18:16:38
935,277,17,2023-04-12 22:29:36
936,305,18,2023-12-08 10:23:17
937,203,8,2024-01-15 08:40:36
938,232,4,2023-03-23 02:15:59
939,259,6,2024-04-28 15:28:14
940,225,10,2023-02-12 05:53:43
941,204,5,2024-02-20 10:35:23
942,367,17,2024-06-25 03:24:49
943,437,2,2023-02-02 01:21:21
944,167,18,2023-02-15 23:12:19
945,160,1,2024-04-25 09:11:51
946,260,7,2023-11-03 12:57:44
947,241,19,2024-01-31 23:29:36
948,3,17,2024-05-28 23:27:02
949,486,9,2023-02-13 12:41:13
950,48,17,2024-06-19 22:03:35
951,260,8,2024-03-23 10:02:06
952,137,16,2023-08-03 19:19:27
953,476,13,2024-02-24 02:59:11
954,386,7,2023-05-12 15:48:05
955,85,8,2023-11-17 12:41:32
956,386,4,2023-06-13 03:38:10
957,116,14,2024-05-09 21:24:42
958,447,12,2023-01-11 19:54:40
959,12,9,2023-02-24 06:44:33
960,223,10,2023-06-19 10:30:55
961,146,,2023-02-21 00:17:41
962,276,13,2023-03-05 12:06:06
963,280,7,2024-03-19 21:26:27
964,70,6,2023-04-05 02:24:13
965,343,18,2023-12-23 21:26:23
966,320,18,2024-01-23 18:13:29
967,9,1,2023-05-03 22:32:19
968,141,19,2024-06-26 00:14:38
969,251,,2023-11-30 09:59:42
970,217,1,2023-02-01 15:02:18
971,404,9,2024-03-25 17:35:50
972,253,8,2024-05-24 19:52:31
973,461,2,2023-07-24 06:29:17
974,94,15,2023-12-15 07:35:55
975,50,16,2023-07-31 22:31:57
976,445,3,2023-03-08 22:40:12
977,160,16,2023-08-07 17:28:30
978,229,6,2023-09-04 02:17:56
979,353,7,2023-04-28 14:18:41
980,283,3,2023-07-23 21:04:16
981,135,18,2023-09-25 19:53:08
982,348,4,2023-12-25 05:50:17
983,497,16,2023-03-28 21:17:08
984,8,8,2023-09-27 06:17:42
985,54,12,2024-06-21 07:52:54
986,283,6,2023-11-25 14:04:00
987,207,16,2023-07-09 05:06:16
988,248,11,2023-12-13 06:18:09
989,373,6,2023-02-18 04:47:06
990,159,11,2023-08-12 15:12:14
991,401,19,2023-10-09 01:26:38
992,255,20,2023-11-27 21:10:58
993,456,14,2023-11-17 13:33:34
994,393,13,2024-01-12 11:53:20
995,250,9,2023-01-21 05:35:24
996,245,9,2023-01-23 06:03:10
997,27,13,2023-06-15 09:43:54
998,422,7,2023-05-09 21:04:02
999,408,8,2023-01-28 10:19:20
1000,452,3,2024-04-14 22:03:34
1001,72,9,2023-12-24 04:23:39
1002,428,19,2023-05-07 23:53:38
1003,20,14,2024-02-04 23:08:34
1004,103,1,2024-06-29 18:14:06
1005,311,7,2023-09-18 23:14:42
1006,305,3,2023-01-28 04:58:16
1007,421,,2024-01-22 18:50:10
1008,76,1,2023-06-04 00:58:43
1009,106,19,2023-09-20 19:33:31
1010,291,6,2023-02-02 03:06:04
1011,411,1,2023-05-17 06:14:00
1012,383,4,2023-01-22 00:00:53
1013,85,15,2024-06-21 00:29:44
1014,184,3,2023-06-13 05:40:03
1015,192,10,2023-08-31 16:56:35
1016,455,3,2023-05-07 17:19:49
1017,68,12,2024-03-11 11:49:59
1018,183,6,2024-06-11 05:20:48
1019,362,10,2023-08-15 07:05:51
1020,331,18,2023-10-10 10:30:58
1021,125,5,2023-03-19 10:53:59
1022,93,14,2023-11-09 03:03:42
1023,81,3,2023-02-01 10:25:17
1024,69,8,2024-04-28 17:59:24
1025,312,17,2023-06-05 21:27:41
1026,316,18,2024-04-23 00:13:38
1027,422,6,2023-05-13 09:01:43
1028,176,9,2024-06-15 07:14:43
1029,293,5,2024-04-30 10:17:02
1030,351,6,2023-08-25 19:15:16
1031,251,4,2023-03-09 00:18:02
1032,226,15,2024-03-31 06:58:40
1033,496,11,2024-05-19 00:51:13
1034,303,19,2023-06-08 01:00:39
1035,173,13,2023-11-26 04:36:00
1036,462,9,2024-01-27 00:57:51
1037,34,7,2024-06-18 06:29:56
1038,302,3,2023-03-12 14:33:29
1039,383,5,2023-05-11 18:45:13
1040,446,8,2024-04-19 15:11:37
1041,248,19,2023-03-28 20:48:58
1042,237,9,2023-01-26 12:10:37
1043,469,16,2023-04-15 12:29:08
1044,212,4,2024-04-17 15:11:48
1045,94,2,2024-04-16 17:03:35
1046,475,4,2023-08-20 04:33:11
1047,61,9,2023-03-05 04:59:39
1048,492,15,2023-09-04 17:19:20
1049,392,19,2023-01-03 18:23:07
1050,29,,2024-06-06 09:34:55
1051,321,6,2023-06-08 13:28:50
1052,166,7,2023-04-03 09:41:05
1053,433,,2023-10-06 18:04:39
1054,265,8,2023-12-10 06:21:25
1055,405,20,2024-03-06 09:42:36
1056,298,20,2023-10-12 03:01:20
1057,249,1,2023-10-15 12:48:22
1058,187,1,2023-05-13 23:01:19
1059,499,17,2023-06-19 18:03:46
1060,244,9,2024-06-05 10:54:30
1061,49,2,2024-05-09 21:46:12
1062,136,20,2023-02-16 21:25:14
1063,15,19,2023-06-18 11:04:02
1064,199,5,2023-01-03 08:11:28
1065,50,13,2023-12-10 18:29:46
1066,50,,2023-06-28 07:36:42
1067,439,10,2023-12-13 00:57:22
1068,142,12,2023-07-29 17:05:40
1069,349,4,2023-01-08 13:59:03
1070,23,11,2023-01-12 18:26:11
1071,124,10,2024-05-31 01:37:41
1072,257,11,2023-05-08 13:38:35
1073,365,2,2023-05-02 11:22:28
1074,377,15,2024-03-27 21:27:44
1075,223,13,2023-09-20 02:19:55
1076,223,6,2023-01-12 11:26:29
1077,186,16,2023-05-07 02:22:31
1078,430,7,2024-02-10 15:04:35
1079,197,6,2024-05-22 14:05:31
1080,455,19,2023-08-31 05:08:49
1081,454,15,2023-12-18 04:24:15
1082,494,15,2023-04-20 17:42:34
1083,383,18,2023-12-12 23:19:38
1084,146,12,2023-08-14 22:50:08
1085,354,16,2023-06-24 11:22:09
1086,387,6,2023-06-12 03:22:58
1087,444,4,2024-03-27 19:08:53
1088,341,8,2023-01-14 07:18:22
1089,416,4,2023-12-19 00:30:50
1090,19,20,2024-05-03 11:25:40
1091,97,10,2024-04-10 00:40:28
1092,143,19,2023-11-27 18:35:02
1093,140,5,2023-01-13 17:54:13
1094,110,12,2023-07-02 00:12:31
1095,439,5,2024-05-13 05:05:55
1096,262,4,2023-05-04 00:03:51
1097,57,13,2024-05-13 09:58:04
1098,394,5,2024-02-23 23:11:33
1099,18,10,2023-02-09 10:45:11
1100,408,10,2023-03-25 20:13:05
1101,156,7,2023-02-14 02:53:42
1102,69,4,2023-03-13 03:58:01
1103,182,13,2024-01-13 13:18:10
1104,172,17,2023-01-21 09:55:34
1105,494,2,2023-11-18 19:01:05
1106,350,6,2023-06-04 01:19:19
1107,153,1,2023-05-01 08:20:54
1108,231,19,2023-11-13 22:24:42
1109,343,13,2024-03-07 20:31:21
1110,128,1,2023-01-20 18:57:41
1111,253,,2023-08-25 23:14:25
1112,134,16,2023-10-15 02:26:51
1113,406,18,2023-09-19 00:10:58
1114,13,15,2023-10-23 13:34:03
1115,476,13,2024-05-18 21:35:59
1116,221,,2024-02-01 18:16:55
1117,435,7,2024-02-05 17:46:30
1118,477,15,2023-03-16 18:46:17
1119,50,5,2023-07-20 18:44:06
1120,378,18,2023-07-27 22:09:15
1121,207,2,2024-04-09 21:55:51
1122,378,3,2023-03-31 09:34:55
1123,43,2,2024-01-24 15:19:04
1124,160,12,2024-02-17 21:55:45
1125,269,5,2024-06-24 17:16:17
1126,78,18,2023-10-13 01:03:35
1127,240,12,2023-08-31 18:53:33
1128,335,2,2023-09-20 16:52:41
1129,56,15,2024-05-14 03:56:06
1130,30,9,2023-02-28 06:28:27
1131,414,19,2023-10-04 18:45:07
1132,133,15,2023-10-04 03:21:25
1133,31,14,2023-02-16 19:42:15
1134,46,3,2023-07-10 00:57:32
1135,138,1,2024-03-08 08:46:32
1136,35,6,2023-10-05 09:27:15
1137,354,10,2024-06-11 20:11:59
1138,40,11,2023-01-04 16:33:51
1139,491,17,2023-07-19 13:01:20
1140,371,20,2023-10-06 02:08:53
1141,314,3,2023-05-24 00:32:11
1142,61,13,2023-01-19 00:04:27
1143,464,10,2023-08-05 09:50:42
1144,19,8,2023-08-24 02:07:42
1145,90,14,2024-01-04 21:23:37
1146,189,,2024-03-29 04:25:01
1147,322,5,2023-04-29 17:16:34
1148,85,13,2023-07-13 19:02:02
1149,439,2,2024-04-25 17:14:26
1150,325,10,2023-10-16 16:31:50
1151,395,8,2023-02-24 13:15:37
1152,89,5,2023-02-03 01:48:37
1153,124,19,2023-03-14 16:54:18
1154,45,8,2024-01-08 16:46:51
1155,232,10,2024-04-25 23:19:24
1156,268,18,2023-07-26 23:10:06
1157,273,8,2023-06-25 04:09:22
1158,385,10,2023-06-19 03:52:04
1159,266,2,2023-05-03 14:47:09
1160,252,,2023-02-04 08:57:00
1161,441,3,2024-06-19 23:34:50
1162,241,,2023-09-11 01:20:51
1163,413,3,2024-06-09 10:17:26
1164,211,,2024-03-16 14:28:11
1165,92,13,2023-06-18 23:59:28
1166,489,3,2024-03-24 13:03:13
1167,353,,2023-12-09 05:03:41
1168,229,20,2023-02-04 10:51:25
1169,64,3,2024-05-17 22:00:08
1170,273,,2024-04-12 23:11:56
1171,422,,2024-05-27 06:51:51
1172,395,10,2023-01-19 10:01:17
1173,21,16,2024-05-18 19:55:31
1174,324,13,2024-06-21 00:36:15
1175,76,19,2023-02-14 23:02:37
1176,453,1,2024-06-28 14:23:14
1177,288,3,2024-03-23 17:17:44
1178,177,3,2023-03-15 02:18:10
1179,276,1,2023-10-31 23:24:58
1180,469,5,2024-02-24 03:24:20
1181,144,6,2023-06-04 19:41:54
1182,56,11,2023-05-27 05:07:03
1183,328,7,2023-03-25 03:13:38
1184,195,2,2023-06-20 04:35:52
1185,442,18,2023-11-22 19:14:02
1186,457,2,2023-12-07 03:01:01
1187,406,9,2023-02-06 07:02:54
1188,496,5,2024-05-27 23:28:21
1189,7,20,2023-05-19 22:29:23
1190,111,12,2023-02-22 18:09:57
1191,353,13,2023-08-06 08:29:00
1192,323,18,2024-02-14 16:03:50
1193,341,,2024-05-15 15:15:43
1194,207,9,2024-05-02 01:17:14
1195,488,3,2024-01-20 13:08:08
1196,464,,2023-03-24 04:10:27
1197,169,20,2024-02-03 18:45:04
1198,203,1,2023-08-31 07:36:50
1199,422,2,2023-05-09 03:09:24
1200,322,8,2023-02-15 22:26:35
1201,303,9,2023-09-13 03:37:23
1202,230,,2024-06-12 11:11:24
1203,467,20,2023-03-04 02:46:31
1204,274,17,2023-09-04 20:57:46
1205,235,2,2024-02-21 10:27:09
1206,128,11,2023-10-18 01:53:15
1207,55,17,2023-03-09 04:50:38
1208,451,8,2024-06-05 18:54:06
1209,249,11,2023-02-17 00:12:38
1210,33,6,2023-07-24 11:20:02
1211,226,18,2023-02-26 00:24:49
1212,260,1,2024-05-09 22:31:48
1213,227,15,2023-03-05 12:23:09
1214,12,20,2023-11-26 02:33:02
1215,419,17,2023-08-20 12:03:20
1216,457,8,2023-08-13 16:29:58
1217,9,20,2024-05-03 06:23:05
1218,188,5,2023-11-19 17:30:29
1219,486,11,2024-02-10 16:28:46
1220,227,8,2023-05-21 01:59:49
1221,356,2,2024-05-02 08:59:45
1222,84,13,2023-06-13 07:30:06
1223,291,8,2024-03-05 05:46:48
1224,439,18,2023-11-17 02:07:37
1225,265,10,2023-08-04 17:36:54
1226,242,14,2023-02-11 08:33:28
1227,304,17,2024-06-19 17:57:29
1228,44,17,2023-07-23 08:17:02
1229,284,7,2023-10-23 10:59:47
1230,105,11,2023-08-14 14:26:57
1231,450,20,2024-01-28 01:43:57
1232,209,17,2024-01-12 18:42:05
1233,62,18,2023-09-30 16:01:59
1234,80,2,2023-02-27 17:53:46
1235,259,6,2024-06-05 20:37:46
1236,51,17,2023-07-22 02:12:19
1237,298,19,2023-06-25 16:16:44
1238,4,7,2023-06-30 06:12:50
1239,483,1,2023-02-22 00:27:41
1240,352,7,2024-01-19 21:38:38
1241,330,1,2024-03-10 17:13:11
1242,288,20,2023-09-01 08:08:11
1243,27,1,2023-10-02 08:01:31
1244,59,3,2024-04-10 07:36:57
1245,43,6,2023-07-17 00:41:01
1246,211,4,2023-09-24 11:06:50
1247,191,8,2023-07-10 01:27:20
1248,274,3,2023-12-07 10:48:25
1249,43,16,2024-02-01 23:31:31
1250,104,7,2024-04-05 08:07:31
1251,137,18,2023-09-13 06:03:37
1252,214,9,2023-08-07 19:37:38
1253,252,5,2023-07-19 03:27:23
1254,18,15,2024-04-01 17:45:02
1255,270,17,2024-06-08 10:49:59
1256,82,1,2023-06-20 22:40:55
1257,38,17,2023-09-01 16:14:38
1258,101,9,2024-05-08 07:37:43
1259,199,2,2024-03-12 11:07:13
1260,43,15,2023-01-13 09:54:22
1261,375,,2023-05-06 13:08:10
1262,482,8,2024-03-11 08:56:47
1263,435,7,2024-03-12 07:24:28
1264,194,11,2023-09-14 22:13:52
1265,273,18,2024-03-18 23:38:19
1266,399,6,2024-01-08 08:48:18
1267,340,5,2024-04-26 20:23:11
1268,466,16,2023-07-27 06:36:55
1269,213,6,2023-07-21 21:06:54
1270,441,2,2023-08-14 22:43:58
1271,340,2,2023-09-25 16:01:19
1272,442,7,2023-12-01 07:05:30
1273,479,15,2023-11-05 18:14:26
1274,120,5,2024-01-03 09:09:52
1275,151,14,2023-04-03 11:47:41
1276,106,9,2023-05-20 08:43:59
1277,493,20,2024-03-08 14:23:36
1278,419,13,2023-12-13 17:12:51
1279,232,2,2023-08-12 04:28:36
1280,291,18,2024-02-09 07:30:32
1281,175,7,2023-08-06 17:08:49
1282,184,11,2023-02-17 12:01:00
1283,358,1,2024-06-25 00:43:42
1284,290,5,2024-02-20 06:08:55
1285,477,7,2023-10-31 23:10:26
1286,205,5,2023-05-07 09:22:07
1287,463,15,2024-01-08 01:06:04
1288,360,5,2023-05-27 01:33:29
1289,490,4,2024-03-26 05:03:07
1290,157,10,2024-03-28 08:11:01
1291,431,18,2024-06-03 10:42:58
1292,6,10,2023-12-23 00:50:47
1293,296,15,2023-06-18 23:38:10
1294,212,2,2023-05-07 14:28:48
1295,195,4,2024-06-05 11:20:26
1296,465,11,2024-03-26 22:20:19
1297,361,8,2023-01-27 05:14:16
1298,106,11,2023-04-05 05:34:28
1299,279,3,2023-07-09 23:17:36
1300,126,,2023-11-01 21:30:31
1301,95,14,2023-10-04 03:55:06
1302,117,16,2023-08-11 19:11:13
1303,27,7,2023-12-20 20:57:24
1304,31,1,2024-02-14 07:52:22
1305,220,15,2023-03-26 22:39:03
1306,352,10,2023-10-28 10:37:14
1307,478,11,2023-10-15 10:35:35
1308,164,4,2023-04-12 08:31:21
1309,469,8,2024-03-19 04:52:13
1310,157,20,2023-01-17 19:48:24
1311,214,,2023-06-04 07:04:37
1312,181,6,2024-04-15 14:34:06
1313,31,17,2023-04-25 15:56:42
1314,90,20,2024-02-02 10:53:13
1315,373,8,2023-01-21 12:49:57
1316,493,14,2024-02-13 17:48:31
1317,461,12,2023-08-27 05:52:42
1318,421,2,2024-05-20 00:38:14
1319,352,,2024-01-09 09:35:03
1320,434,6,2024-03-01 12:54:12
1321,79,1,2023-06-01 11:41:14
1322,436,6,2024-03-01 03:01:31
1323,486,1,2024-03-08 06:05:10
1324,99,13,2023-09-21 21:00:17
1325,379,8,2023-11-28 09:49:18
1326,368,6,2024-05-09 02:05:41
1327,376,,2023-07-31 13:18:01
1328,157,3,2024-06-14 22:36:14
1329,448,10,2023-09-01 01:03:51
1330,183,16,2023-09-20 13:37:58
1331,437,15,2024-03-23 12:13:57
1332,57,20,2024-01-07 09:32:28
1333,476,19,2024-02-05 14:23:57
1334,481,6,2023-03-01 06:10:34
1335,432,14,2024-01-30 23:34:33
1336,372,18,2023-01-16 05:37:02
1337,367,2,2023-05-22 00:33:31
1338,231,6,2023-04-28 10:32:25
1339,319,20,2023-01-18 12:55:08
1340,130,19,2023-08-29 04:57:27
1341,31,5,2023-03-05 00:48:38
1342,291,13,2023-09-03 20:45:20
1343,223,4,2023-04-28 05:16:31
1344,468,15,2023-11-24 06:09:04
1345,487,3,2023-12-18 01:18:48
1346,171,16,2023-09-27 04:36:08
1347,321,2,2023-05-01 20:51:26
1348,257,3,2023-11-08 03:51:55
1349,472,11,2024-01-26 13:57:54
1350,355,5,2023-06-16 09:48:05
1351,437,12,2023-05-21 17:55:48
1352,103,19,2024-01-15 05:01:33
1353,263,9,2023-03-26 01:06:27
1354,273,8,2023-12-24 07:14:00
1355,466,17,2023-03-08 07:15:45
1356,70,9,2024-06-13 01:34:47
1357,416,1,2023-07-22 22:40:16
1358,316,16,2023-12-19 08:19:02
1359,10,4,2023-08-05 11:09:41
1360,46,9,2023-06-10 11:49:21
1361,167,4,2024-03-12 03:06:28
1362,277,16,2023-09-28 09:30:26
1363,421,,2023-01-25 13:07:53
1364,237,16,2024-05-11 22:09:33
1365,62,11,2024-05-15 16:47:43
1366,393,20,2023-04-26 04:21:10
1367,148,14,2023-07-25 04:23:41
1368,162,20,2023-08-02 20:45:00
1369,251,,2023-12-09 10:30:57
1370,416,2,2023-01-21 01:16:06
1371,299,14,2023-11-04 08:42:26
1372,66,10,2023-07-07 03:57:04
1373,472,4,2024-04-26 18:45:54
1374,263,4,2023-03-29 23:12:27
1375,39,4,2023-06-10 04:54:04
1376,40,11,2023-06-04 04:21:42
1377,39,14,2023-07-03 21:50:35
1378,254,17,2023-06-14 17:31:54
1379,329,14,2024-03-04 03:25:51
1380,250,7,2024-06-25 19:21:12
1381,265,17,2024-01-12 14:28:02
1382,316,9,2023-04-06 03:53:59
1383,117,20,2023-08-22 00:18:25
1384,397,7,2023-10-14 20:59:57
1385,228,20,2023-08-21 00:35:25
1386,489,17,2023-08-07 10:57:46
1387,146,8,2023-05-23 13:04:12
1388,269,16,2023-12-13 20:04:53
1389,241,15,2023-01-29 20:30:44
1390,402,3,2023-04-07 09:32:40
1391,206,3,2023-08-05 10:54:56
1392,166,13,2024-02-10 01:06:07
1393,466,18,2024-01-17 07:58:07
1394,299,9,2023-04-24 01:40:58
1395,348,3,2023-03-19 07:25:49
1396,5,20,2023-08-02 07:08:39
1397,116,2,2024-01-07 04:21:53
1398,333,13,2023-01-14 07:13:21
1399,31,2,2024-05-20 23:29:37
1400,29,7,2023-04-09 10:33:06
1401,392,6,2023-09-08 00:17:05
1402,423,20,2023-10-04 16:02:53
1403,433,20,2023-01-16 00:32:34
1404,196,12,2024-06-02 19:10:03
1405,308,13,2023-10-05 15:34:41
1406,35,20,2023-01-25 00:25:49
1407,221,14,2024-02-01 00:51:29
1408,9,14,2023-04-10 10:19:22
1409,258,15,2024-03-01 09:48:49
1410,181,3,2023-11-29 07:45:06
1411,383,9,2023-10-01 14:57:47
1412,459,1,2023-01-15 18:12:58
1413,124,12,2024-01-03 19:46:45
1414,311,1,2023-08-01 21:59:46
1415,147,12,2023-09-26 23:34:58
1416,134,5,2023-11-25 15:35:29
1417,463,3,2023-01-01 04:32:21
1418,293,,2023-05-24 19:48:58
1419,203,9,2023-08-19 13:00:51
1420,439,2,2023-12-14 06:42:41
1421,96,2,2023-04-11 22:38:44
1422,68,8,2023-09-11 14:12:10
1423,380,3,2023-01-17 05:52:17
1424,72,,2023-12-31 01:55:20
1425,498,18,2024-05-15 03:27:07
1426,285,6,2023-01-24 05:47:25
1427,458,12,2023-05-07 02:58:58
1428,249,16,2023-11-09 09:27:01
1429,142,20,2023-04-11 13:03:20
1430,139,13,2023-07-06 04:30:19
1431,269,17,2023-11-21 02:00:25
1432,481,3,2023-09-12 03:43:22
1433,278,20,2023-03-14 08:58:31
1434,202,3,2023-05-06 00:53:57
1435,211,18,2023-03-06 17:50:15
1436,95,2,2023-03-19 05:31:35
1437,363,20,2023-11-30 23:18:11
1438,270,15,2023-09-27 18:48:48
1439,87,10,2024-06-11 02:20:02
1440,115,8,2023-05-29 15:52:12
1441,245,10,2024-03-18 21:04:35
1442,465,14,2024-05-21 09:53:24
1443,43,1,2024-03-22 04:47:45
1444,448,14,2024-04-27 21:08:37
1445,76,5,2023-04-16 20:23:03
1446,332,7,2024-02-13 00:27:52
1447,126,9,2023-07-07 01:15:03
1448,498,18,2023-05-08 12:49:28
1449,254,19,2024-03-21 04:58:53
1450,386,7,2024-01-15 06:14:48
1451,405,15,2023-12-02 10:05:11
1452,133,12,2023-01-21 10:12:52
1453,461,7,2023-08-29 13:29:26
1454,98,5,2023-01-31 14:12:05
1455,390,,2023-08-13 06:34:39
1456,296,17,2023-07-09 13:13:32
1457,70,9,2024-06-05 01:49:28
1458,205,2,2024-01-16 08:27:07
1459,47,3,2023-03-30 08:48:21
1460,484,12,2023-10-11 09:37:04
1461,273,17,2023-01-24 04:33:22
1462,457,20,2023-11-27 16:49:52
1463,271,18,2023-11-24 22:43:05
1464,131,20,2024-02-21 01:12:47
1465,215,1,2024-04-20 06:14:37
1466,88,18,2023-08-02 19:53:16
1467,361,6,2023-08-12 11:01:07
1468,23,9,2024-01-30 08:04:04
1469,213,19,2023-02-28 14:55:13
1470,351,6,2023-08-27 06:47:53
1471,123,16,2024-04-30 21:22:08
1472,21,1,2023-11-26 14:18:56
1473,430,16,2023-03-14 02:47:25
1474,164,17,2024-06-14 22:03:12
1475,396,19,2024-05-14 00:13:35
1476,486,12,2023-07-21 01:33:00
1477,60,20,2023-04-01 08:19:27
1478,240,3,2023-07-13 06:33:40
1479,348,19,2024-05-29 04:31:15
1480,476,,2023-04-22 21:32:22
1481,46,20,2023-04-18 02:25:01
1482,315,3,2023-01-30 20:11:26
1483,441,20,2023-04-26 01:51:04
1484,152,1,2023-02-02 04:56:11
1485,218,8,2024-04-03 01:29:58
1486,358,5,2023-01-13 00:20:12
1487,207,2,2023-09-29 22:55:42
1488,394,,2024-04-27 12:41:41
1489,202,,2024-04-09 02:48:46
1490,490,8,2023-03-07 19:58:22
1491,331,9,2023-08-01 02:47:17
1492,423,15,2023-04-25 16:43:28
1493,408,7,2023-03-12 22:15:19
1494,57,11,2023-11-10 18:21:05
1495,391,10,2023-02-23 06:56:48
1496,297,11,2023-02-22 13:39:40
1497,177,10,2023-11-22 00:41:27
1498,464,12,2023-02-15 07:22:02
1499,54,9,2024-05-23 15:11:50
1500,213,2,2023-12-21 01:13:21
1501,219,18,2023-11-22 03:24:13
1502,345,7,2023-05-10 06:05:50
1503,222,16,2023-01-30 12:08:02
1504,424,12,2024-04-24 21:23:01
1505,234,15,2024-06-30 08:59:56
1506,87,19,2023-05-27 19:55:50
1507,307,4,2023-12-08 12:39:32
1508,204,15,2024-05-01 19:32:15
1509,56,4,2023-11-21 14:19:17
1510,296,7,2023-09-21 05:26:07
1511,362,5,2024-03-11 18:00:58
1512,440,1,2024-02-07 01:14:44
1513,157,10,2024-06-09 11:06:34
1514,145,19,2023-01-26 22:04:34
1515,28,4,2024-03-04 04:27:06
1516,433,4,2023-08-14 15:21:09
1517,461,5,2024-05-16 14:08:33
1518,400,18,2023-02-01 08:07:07
1519,91,11,2023-01-22 10:22:56
1520,118,4,2023-04-13 01:01:44
1521,407,10,2024-06-08 21:49:35
1522,376,,2023-07-14 21:08:24
1523,186,17,2023-06-06 23:16:22
1524,228,1,2023-07-10 05:44:18
1525,123,13,2023-11-11 11:29:08
1526,161,3,2023-07-18 21:13:23
1527,35,17,2024-03-01 14:01:36
1528,140,19,2024-05-15 22:00:29
1529,32,20,2024-05-15 10:54:07
1530,290,8,2023-11-14 06:09:03
1531,178,13,2023-12-11 10:12:01
1532,89,19,2023-09-03 18:45:35
1533,125,7,2023-07-26 03:17:01
1534,79,10,2023-01-03 22:51:48
1535,84,3,2023-02-02 18:08:45
1536,385,14,2023-03-08 05:00:46
1537,233,15,2024-03-02 19:39:00
1538,99,16,2023-04-23 23:55:10
1539,313,,2024-03-10 21:20:09
1540,282,4,2024-04-22 19:45:29
1541,439,2,2023-12-03 08:48:56
1542,343,11,2023-12-31 16:14:47
1543,32,3,2023-11-06 00:39:53
1544,468,2,2023-09-09 16:17:26
1545,346,3,2023-03-18 15:03:39
1546,328,15,2023-06-23 17:52:10
1547,66,19,2024-02-07 09:36:37
1548,144,5,2024-02-03 18:01:51
1549,157,18,2024-02-29 17:59:07
1550,480,6,2024-01-16 03:13:14
1551,220,1,2024-05-03 01:35:34
1552,222,5,2023-05-12 07:46:42
1553,454,1,2023-06-09 21:40:20
1554,19,10,2024-06-27 21:01:37
1555,421,3,2023-06-19 09:52:21
1556,459,19,2023-03-27 08:10:10
1557,232,20,2023-01-21 16:55:19
1558,478,11,2023-09-24 18:16:50
1559,282,6,2023-06-12 05:51:40
1560,35,6,2023-11-03 10:34:45
1561,161,13,2023-12-13 09:12:29
1562,46,6,2023-10-08 18:07:18
1563,1,1,2024-05-07 10:44:18
1564,111,13,2023-08-30 16:06:43
1565,483,2,2024-05-20 22:42:56
1566,170,13,2024-01-11 11:54:46
1567,187,7,2023-10-15 12:12:39
1568,466,7,2024-01-12 02:58:56
1569,22,18,2023-06-20 12:37:16
1570,291,3,2024-05-22 07:27:40
1571,49,9,2024-04-29 12:41:13
1572,49,3,2023-12-29 03:50:09
1573,107,11,2023-06-02 15:36:15
1574,194,4,2024-03-06 05:36:22
1575,206,18,2024-02-27 17:53:11
1576,228,5,2023-05-02 07:04:35
1577,492,,2024-06-16 09:22:10
1578,185,14,2023-09-21 16:29:33
1579,476,2,2024-03-01 13:03:14
1580,141,11,2024-03-12 22:02:00
1581,289,15,2023-04-10 12:39:03
1582,252,14,2023-11-13 20:15:09
1583,75,15,2023-06-21 06:35:46
1584,229,20,2023-01-14 02:35:02
1585,322,11,2023-12-27 14:54:31
1586,86,1,2024-01-29 12:31:11
1587,325,16,2023-11-22 09:37:04
1588,66,19,2023-02-03 01:56:26
1589,76,18,2023-05-17 12:09:44
1590,140,20,2024-01-27 16:01:37
1591,15,,2023-08-30 00:51:29
1592,338,1,2023-05-07 09:17:11
1593,453,16,2023-06-21 15:04:25
1594,16,20,2024-05-05 18:28:55
1595,399,18,2024-03-15 06:24:03
1596,496,9,2024-01-06 19:01:15
1597,240,2,2023-07-29 07:34:45
1598,221,6,2023-05-21 16:39:41
1599,347,7,2023-08-11 06:06:03
1600,349,15,2023-09-24 21:45:48
1601,359,6,2023-05-16 23:27:09
1602,482,12,2023-05-21 05:23:40
1603,2,13,2024-03-20 13:54:21
1604,117,20,2024-01-15 16:57:13
1605,304,17,2023-10-28 04:27:58
1606,49,11,2024-01-04 12:43:54
1607,120,19,2023-05-16 01:35:41
1608,41,6,2024-06-30 23:48:44
1609,166,12,2023-10-17 18:37:30
1610,467,8,2023-11-20 22:40:46
1611,143,14,2024-06-13 12:47:27
1612,154,10,2023-11-07 22:51:41
1613,206,18,2023-03-27 06:55:40
1614,484,9,2023-09-04 05:44:26
1615,267,10,2024-05-31 02:36:02
1616,398,7,2024-06-15 20:55:58
1617,224,17,2024-04-25 17:22:31
1618,437,20,2023-10-08 16:18:49
1619,27,3,2023-11-23 10:41:58
1620,84,16,2023-06-09 12:50:50
1621,441,1,2023-10-18 05:06:08
1622,27,12,2023-11-18 07:29:47
1623,378,18,2024-04-25 14:23:51
1624,20,20,2024-04-20 06:09:10
1625,385,14,2023-03-17 21:53:20
1626,239,14,2023-03-24 14:15:55
1627,396,4,2024-01-17 00:13:37
1628,236,3,2023-07-27 05:52:47
1629,430,,2023-12-10 14:25:27
1630,411,8,2023-02-13 16:00:15
1631,28,14,2023-07-22 16:26:40
1632,277,8,2024-06-29 15:14:13
1633,449,16,2023-08-27 08:02:14
1634,270,19,2024-06-24 19:18:47
1635,119,10,2024-05-23 17:02:14
1636,454,7,2024-04-08 20:30:59
1637,330,20,2024-03-24 19:45:46
1638,116,6,2023-08-16 06:32:09
1639,332,17,2023-03-12 01:29:13
1640,432,17,2023-07-24 15:11:38
1641,352,14,2023-12-24 06:50:17
1642,200,1,2024-02-08 01:48:16
1643,167,4,2023-11-22 07:26:23
1644,318,3,2023-05-27 15:43:57
1645,39,2,2023-03-30 17:40:50
1646,415,,2023-07-23 20:27:14
1647,338,7,2023-08-23 14:20:58
1648,229,17,2023-01-17 09:57:42
1649,133,13,2024-05-08 08:57:45
1650,275,18,2023-12-25 01:20:09
1651,435,5,2023-08-03 00:24:43
1652,490,5,2023-04-04 21:28:24
1653,427,5,2023-06-29 10:41:38
1654,388,5,2024-05-21 06:24:31
1655,53,16,2024-06-05 00:47:40
1656,162,9,2023-09-04 05:38:27
1657,239,17,2023-12-08 10:58:11
1658,307,7,2023-07-18 21:23:51
1659,86,10,2023-10-23 07:37:16
1660,279,5,2023-04-10 23:52:43
1661,390,12,2023-10-28 08:47:37
1662,181,17,2024-02-28 20:44:00
1663,212,11,2023-12-20 02:47:33
1664,399,11,2023-07-02 08:09:58
1665,16,19,2023-06-29 17:26:57
1666,155,11,2023-08-06 14:34:43
1667,494,3,2023-06-28 08:17:32
1668,182,12,2023-06-25 18:23:07
1669,305,3,2023-02-12 18:25:40
1670,148,8,2023-11-29 03:07:19
1671,271,17,2024-01-10 09:46:01
1672,27,12,2023-07-13 19:06:09
1673,258,10,2023-04-12 12:30:38
1674,223,10,2023-04-01 11:07:18
1675,358,11,2023-05-31 18:24:18
1676,197,5,2024-03-20 16:19:51
1677,413,13,2023-07-01 04:13:00
1678,395,13,2024-03-23 01:44:11
1679,302,14,2023-03-29 00:19:41
1680,59,12,2024-01-29 10:16:54
1681,436,17,2023-07-09 17:43:02
1682,228,13,2023-06-04 00:27:29
1683,307,17,2023-03-14 05:14:40
1684,481,1,2023-08-23 01:48:50
1685,272,13,2023-01-14 12:16:24
1686,204,5,2024-03-18 14:42:04
1687,127,14,2023-06-07 20:57:40
1688,453,3,2023-09-22 05:34:40
1689,301,14,2023-04-07 20:05:03
1690,110,9,2023-05-02 07:36:11
1691,314,17,2023-01-18 23:21:51
1692,486,16,2023-08-06 11:16:08
1693,45,14,2023-05-03 23:28:29
1694,282,10,2023-11-10 14:28:19
1695,120,20,2023-02-02 16:32:53
1696,342,5,2023-09-06 22:12:47
1697,387,16,2023-11-28 20:07:18
1698,446,15,2023-05-02 15:33:52
1699,442,8,2023-12-14 04:57:34
1700,105,7,2023-01-25 07:10:12
1701,398,10,2023-05-09 15:57:16
1702,347,8,2023-08-15 10:08:44
1703,223,12,2024-03-19 01:54:03
1704,276,11,2023-03-23 18:48:58
1705,389,13,2024-01-09 21:25:59
1706,79,18,2023-12-04 19:44:16
1707,176,17,2023-10-05 23:50:59
1708,325,1,2023-01-23 20:37:26
1709,65,9,2023-01-01 09:51:00
1710,334,18,2023-03-13 09:01:40
1711,382,12,2024-05-18 05:13:34
1712,69,14,2023-06-06 19:53:59
1713,432,19,2023-06-21 03:14:38
1714,372,,2023-07-30 03:45:08
1715,452,10,2024-02-08 15:56:38
1716,177,12,2023-07-25 17:27:27
1717,296,6,2023-11-18 10:03:27
1718,311,18,2024-06-27 12:41:07
1719,438,2,2023-08-28 05:48:22
1720,382,9,2023-06-06 21:59:04
1721,107,20,2024-01-11 07:40:36
1722,478,13,2023-04-02 01:23:25
1723,353,15,2023-02-16 03:48:45
1724,474,1,2023-11-12 07:42:27
1725,340,3,2023-03-07 02:04:54
1726,29,,2023-08-09 09:17:04
1727,489,3,2023-05-31 07:36:20
1728,170,3,2023-05-02 20:25:13
1729,51,11,2024-04-07 20:29:09
1730,294,1,2023-07-27 18:35:46
1731,215,2,2023-08-19 20:02:59
1732,153,3,2023-11-19 03:30:40
1733,413,5,2024-01-27 21:16:40
1734,293,4,2023-09-08 03:31:35
1735,366,18,2024-01-01 13:44:49
1736,24,19,2023-09-06 15:20:07
1737,465,3,2023-09-23 22:30:46
1738,279,13,2023-03-10 02:52:19
1739,251,14,2024-03-02 03:43:53
1740,261,18,2023-01-29 13:46:16
1741,119,14,2023-08-06 08:44:34
1742,128,,2023-09-08 18:55:14
1743,84,,2023-08-22 17:12:01
1744,294,19,2023-05-06 11:09:31
1745,357,8,2024-06-22 08:46:53
1746,125,14,2024-01-21 03:35:13
1747,498,19,2023-08-11 00:42:16
1748,64,4,2023-01-05 23:17:17
1749,422,3,2024-04-11 19:03:41
1750,26,11,2023-08-08 04:55:31
1751,497,1,2024-01-01 18:14:09
1752,196,11,2023-07-17 14:02:23
1753,265,13,2023-09-21 17:17:59
1754,124,15,2024-04-17 01:13:44
1755,324,2,2023-06-26 05:39:50
1756,375,9,2023-11-20 07:16:38
1757,174,,2023-10-22 23:32:42
1758,112,16,2023-05-03 02:02:28
1759,20,4,2023-04-19 06:50:35
1760,485,14,2023-07-10 07:28:44
1761,470,,2024-05-31 08:15:50
1762,408,13,2024-05-08 13:26:30
1763,148,9,2023-06-29 04:36:28
1764,386,2,2023-05-23 16:00:59
1765,370,4,2024-05-09 03:07:49
1766,228,4,2023-02-12 23:22:25
1767,261,8,2023-05-19 16:04:41
1768,45,18,2024-06-10 07:24:24
1769,439,6,2024-03-17 15:05:17
1770,383,4,2023-11-27 02:25:02
1771,103,1,2023-10-27 10:14:58
1772,321,15,2023-04-25 22:58:24
1773,130,13,2023-01-01 21:46:20
1774,67,13,2023-12-19 06:33:06
1775,499,14,2023-08-22 08:19:42
1776,244,19,2023-01-19 07:21:33
1777,368,2,2024-06-17 16:03:46
1778,473,13,2023-01-14 12:28:57
1779,433,15,2024-03-13 03:02:12
1780,320,6,2023-11-27 15:15:16
1781,475,16,2023-01-17 01:16:08
1782,396,,2023-09-25 04:05:13
1783,422,8,2024-04-18 11:33:05
1784,108,16,2023-09-18 07:03:18
1785,443,18,2023-03-07 22:54:22
1786,473,4,2024-01-18 07:27:10
1787,58,16,2023-10-02 03:50:25
1788,60,14,2023-04-13 22:48:03
1789,223,19,2024-05-03 05:15:07
1790,148,10,2023-08-05 14:40:18
1791,31,18,2023-02-04 19:57:58
1792,121,13,2023-06-24 13:48:42
1793,240,11,2024-03-16 08:35:22
1794,226,4,2023-09-02 20:01:55
1795,291,16,2023-02-13 16:39:14
1796,361,,2024-03-21 00:07:03
1797,404,15,2023-09-21 02:11:08
1798,474,7,2023-12-25 01:47:28
1799,497,2,2024-05-13 10:08:35
1800,401,18,2023-07-07 01:56:06
1801,23,4,2023-07-17 11:30:33
1802,361,17,2023-10-12 07:13:55
1803,265,8,2023-04-17 03:23:25
1804,146,17,2023-08-30 19:58:39
1805,190,3,2023-09-05 04:08:02
1806,368,10,2023-07-08 07:59:41
1807,245,19,2023-01-18 13:41:02
1808,269,16,2024-06-21 04:30:12
1809,279,,2023-01-02 03:31:10
1810,442,3,2023-12-27 00:22:42
1811,223,2,2023-04-06 20:52:05
1812,143,8,2024-04-14 04:38:21
1813,457,7,2023-02-18 21:28:40
1814,300,9,2024-03-06 14:32:28
1815,326,10,2024-03-17 02:43:31
1816,422,4,2023-11-05 07:46:58
1817,136,10,2023-08-12 04:27:05
1818,334,2,2023-04-01 08:41:54
1819,269,8,2023-08-13 12:38:23
1820,89,16,2023-09-02 02:02:53
1821,281,11,2023-02-14 03:17:04
1822,368,5,2023-07-29 23:16:07
1823,386,4,2023-05-09 22:04:55
1824,389,6,2023-04-05 23:04:24
1825,33,12,2024-05-13 15:11:30
1826,13,10,2023-04-04 18:22:42
1827,10,16,2024-06-20 07:52:28
1828,498,9,2023-07-19 19:14:55
1829,296,16,2024-03-04 00:52:47
1830,401,6,2023-05-29 10:47:24
1831,207,17,2023-04-13 06:45:51
1832,112,13,2023-07-25 12:12:03
1833,194,14,2024-04-12 18:47:55
1834,439,2,2023-11-18 19:39:33
1835,473,17,2023-12-20 14:26:38
1836,483,16,2023-06-08 22:27:41
1837,255,10,2024-03-11 04:11:54
1838,81,10,2024-03-07 11:28:00
1839,480,17,2023-09-16 01:42:51
1840,137,20,2023-04-02 23:17:26
1841,239,19,2023-11-30 14:23:48
1842,469,10,2023-04-27 12:47:52
1843,458,13,2023-12-09 05:14:05
1844,4,10,2023-06-09 08:34:14
1845,316,16,2023-03-19 17:53:37
1846,27,5,2024-02-10 10:53:38
1847,21,,2024-03-21 03:30:11
1848,385,13,2024-01-17 09:49:09
1849,303,10,2023-04-11 15:21:04
1850,142,7,2023-05-15 03:33:32
1851,112,19,2023-06-28 14:43:35
1852,497,20,2024-03-21 04:02:25
1853,256,20,2024-06-28 19:19:54
1854,220,5,2023-03-07 08:00:58
1855,287,13,2023-07-31 14:36:37
1856,416,4,2023-03-20 14:51:26
1857,240,6,2024-01-11 04:49:03
1858,422,4,2024-01-20 02:25:03
1859,2,17,2023-03-17 11:39:15
1860,97,11,2024-03-19 01:54:30
1861,321,12,2024-02-18 03:57:10
1862,303,6,2024-03-14 13:05:54
1863,457,13,2024-02-13 08:37:40
1864,173,17,2023-06-05 09:20:47
1865,328,11,2023-06-17 00:39:47
1866,443,17,2023-10-24 06:27:39
1867,455,9,2023-12-21 22:20:47
1868,244,13,2024-05-18 20:26:00
1869,495,16,2023-02-27 20:54:47
1870,484,2,2023-02-14 04:18:37
1871,181,16,2024-03-01 19:20:25
1872,6,11,2023-02-27 10:40:08
1873,318,14,2024-05-21 11:20:51
1874,103,10,2024-04-15 20:19:09
1875,308,8,2024-01-31 03:18:23
1876,182,4,2023-03-15 18:45:46
1877,282,10,2023-02-16 19:13:06
1878,165,20,2023-03-24 06:23:34
1879,53,15,2023-08-05 12:43:55
1880,189,6,2023-09-03 07:59:02
1881,420,4,2023-06-14 21:40:47
1882,52,14,2024-02-13 13:20:53
1883,365,6,2023-01-16 14:57:36
1884,310,8,2023-01-18 05:10:16
1885,112,7,2024-01-04 03:11:53
1886,466,10,2023-08-13 05:50:29
1887,140,7,2023-02-25 07:22:02
1888,54,14,2023-10-08 06:13:26
1889,4,16,2023-03-29 09:10:21
1890,464,,2024-04-13 02:52:21
1891,33,,2024-04-24 00:04:19
1892,292,20,2023-06-23 18:16:19
1893,17,10,2024-04-26 14:20:56
1894,384,1,2023-07-07 03:57:17
1895,53,12,2023-08-11 11:15:25
1896,286,20,2024-03-02 19:15:16
1897,490,15,2023-09-19 22:17:42
1898,64,15,2023-08-09 05:01:33
1899,283,17,2023-08-07 05:43:12
1900,71,9,2023-04-28 03:37:25
1901,105,2,2023-07-03 07:05:48
1902,79,1,2023-03-08 08:04:47
1903,204,10,2023-09-03 00:19:25
1904,242,3,2023-06-27 12:43:12
1905,443,17,2023-02-19 11:22:01
1906,53,19,2023-01-08 19:21:16
1907,356,4,2023-12-03 05:27:30
1908,404,20,2024-04-12 09:28:53
1909,258,,2023-09-28 14:31:33
1910,161,2,2023-10-13 17:17:32
1911,296,16,2023-01-27 14:24:51
1912,21,15,2023-03-22 19:43:17
1913,1,16,2023-12-19 13:46:50
1914,319,16,2023-04-07 23:52:33
1915,150,14,2024-05-28 21:07:23
1916,123,15,2023-03-12 21:19:08
1917,186,10,2023-10-26 02:45:50
1918,343,18,2024-01-16 21:10:59
1919,211,17,2023-09-29 07:48:17
1920,290,1,2023-01-26 01:14:13
1921,268,9,2023-11-10 19:29:23
1922,196,7,2023-04-14 04:30:13
1923,177,14,2024-06-03 16:15:50
1924,356,6,2023-08-09 08:24:45
1925,95,14,2023-01-12 19:34:17
1926,88,3,2023-08-12 15:16:58
1927,267,7,2024-05-01 23:09:46
1928,324,12,2023-10-28 08:50:14
1929,151,1,2023-11-02 08:01:20
1930,471,13,2023-02-16 01:38:26
1931,185,8,2023-10-03 21:40:17
1932,484,4,2023-07-19 12:25:09
1933,62,15,2023-02-06 19:35:36
1934,206,13,2024-06-21 16:14:39
1935,183,18,2023-11-22 02:53:43
1936,357,20,2024-03-27 20:57:48
1937,22,6,2023-09-10 19:13:23
1938,462,9,2024-05-06 02:26:41
1939,163,16,2023-09-19 16:05:01
1940,304,1,2024-01-29 06:46:00
1941,158,11,2023-08-21 20:48:36
1942,228,10,2023-03-21 19:46:04
1943,56,8,2024-04-13 11:48:08
1944,321,14,2023-10-06 20:09:51
1945,172,16,2023-10-31 15:37:12
1946,188,,2023-02-26 04:06:44
1947,136,15,2023-10-25 20:54:34
1948,256,1,2024-01-28 13:28:17
1949,64,16,2023-08-01 13:28:05
1950,100,16,2024-06-21 02:58:57
1951,259,5,2024-02-06 09:30:18
1952,178,14,2023-09-04 16:56:05
1953,280,12,2023-07-07 17:16:54
1954,23,16,2023-08-16 20:02:24
1955,128,13,2023-03-01 13:37:41
1956,491,10,2023-05-05 07:16:18
1957,96,3,2024-02-24 16:19:20
1958,345,20,2023-02-12 10:32:41
1959,136,3,2023-10-05 22:36:30
1960,91,19,2023-06-12 19:41:45
1961,220,17,2023-08-24 18:23:49
1962,265,18,2023-02-25 11:16:56
1963,85,19,2023-11-10 07:22:57
1964,357,6,2023-09-28 22:06:52
1965,326,9,2024-01-04 06:19:04
1966,138,17,2024-03-10 06:51:45
1967,137,,2023-06-16 17:10:03
1968,393,13,2024-01-17 15:42:36
1969,368,19,2023-07-15 22:37:02
1970,58,11,2024-05-24 06:56:48
1971,219,7,2024-06-06 09:17:07
1972,316,20,2023-07-11 20:17:18
1973,316,,2024-03-01 14:00:56
1974,153,4,2023-09-22 15:16:22
1975,337,17,2023-08-17 06:58:47
1976,354,13,2023-08-17 16:49:34
1977,470,8,2024-05-23 07:24:31
1978,374,14,2023-04-06 20:57:34
1979,498,4,2024-02-19 11:56:29
1980,262,3,2023-10-25 18:30:50
1981,402,11,2023-02-12 11:31:27
1982,224,5,2023-11-11 09:47:20
1983,215,15,2023-07-26 04:55:04
1984,235,3,2024-03-14 23:27:31
1985,475,9,2024-06-19 08:03:09
1986,80,8,2023-03-19 16:23:32
1987,382,13,2023-09-14 21:01:00
1988,169,,2023-02-19 07:51:51
1989,197,10,2024-03-18 00:16:50
1990,218,20,2024-03-20 23:48:45
1991,417,1,2024-01-09 03:21:42
1992,157,18,2023-01-10 18:19:59
1993,220,12,2023-02-27 15:08:42
1994,448,8,2023-09-28 12:19:38
1995,281,,2024-04-13 14:26:57
1996,182,14,2023-01-22 02:39:01
1997,277,16,2024-04-30 18:31:32
1998,67,11,2024-04-28 07:00:08
1999,411,6,2023-06-07 22:19:27
2000,218,8,2023-03-16 10:39:31
